cite,question_id,question,choices,answer,chapter
외국인이 한국에 체류하려면 어떻게 해야 할까? 한국에서는 한국을 소속 국가로 하지 않는 사람을 내국인과 구분하는 의미에서 외국인이라고 부른다.,710,한국에서 외국인이라고 부르는 사람은 누구를 의미하는가?,"1. 한국의 국민
2. 한국을 소속 국가로 하지 않는 사람
3. 한국에 거주하는 사람
4. 한국에 방문하는 모든 사람
",한국을 소속 국가로 하지 않는 사람,30.0
외국인은 한국에서 머무르는 기간에 따라 단기 체류자와 장기 체류자로 구분된다.,711,외국인은 어떤 기준으로 구분되는가?,"1. 국적에 따라
2. 나이에 따라
3. 한국에서 머무르는 기간에 따라
4. 성별에 따라
",한국에서 머무르는 기간에 따라,30.0
외국인이 입국한 날로부터 90일을 초과 하여 한국에 체류하려면 입국한 날로부터 90일 이내에 그 외국인이 체류하고 있는 관할 출입국관리사무소를 방문하여 외국인등록을 해야 한다.,712,외국인이 90일 이상 한국에 체류하려면 어떤 절차를 거쳐야 하는가?,"1. 외국인등록을 해야 한다
2. 한국 정부에 허가를 받아야 한다
3. 한국의 시민권을 얻어야 한다
4. 한국어 시험을 통과해야 한다
",외국인등록을 해야 한다,30.0
"한편, 일정한 자격을 갖춘 사람들은 영주권을 신청하여 기간 제한 없이 한국에 머무를 수 있다.",713,어떤 사람들이 기간 제한 없이 한국에 머무를 수 있는가?,"1. 일정한 자격을 갖춘 사람들
2. 한국의 국민
3. 한국에 투자한 사람들
4. 한국어를 유창하게 구사하는 사람들
",일정한 자격을 갖춘 사람들,30.0
비자(VISA)란? 한국에서 VISA는 법률 용어로는 ‘사증’ 으로 불린다.,714,한국에서 VISA는 어떤 용어로 불리는가?,"1. 여권
2. 사증
3. 체류증
4. 입국증
",사증,30.0
"외국인이 한국에 입국하기 위해서는 한국 정부의 허가를 받아야 하는데, 이를 증명하는 서류가 ‘사증’ 이다.",715,외국인이 한국에 입국하기 위해 필요한 서류는 무엇인가?,"1. 여권
2. 사증
3. 체류증
4. 입국증
",사증,30.0
대한민국에서는 외국인에게도 여러 가지 권리를 보장하고 있다.,716,대한민국에서 외국인에게 어떤 것을 보장하고 있는가?,"1. 여러 가지 권리
2. 한국 시민권
3. 한국어 교육
4. 무제한 체류 기간
",여러 가지 권리,30.0
"외국 국적자는 한국이 아닌 다른 나라의 국적을 가진 사람이고, 무국적자는 어떠한 국적도 갖지 않은 사람이다.",717,무국적자는 무엇을 의미하는가?,"1. 한국 국적을 가진 사람
2. 어떠한 국적도 갖지 않은 사람
3. 두 개 이상의 국적을 가진 사람
4. 외국 국적을 가진 사람
",어떠한 국적도 갖지 않은 사람,30.0
그리고 등록을 한 외국인이 체류지를 변경했을 경우에는 전입한 날로부터 14일 이내에 새로운 체류지의 관할 출입국관리사무소나 시·군·구청에 체류지 변경 신고를 해야 한다.,718,외국인이 체류지를 변경했을 경우 어떤 절차를 거쳐야 하는가?,"1. 체류지 변경 신고를 해야 한다
2. 외국인등록을 다시 해야 한다
3. 한국 정부에 허가를 받아야 한다
4. 새로운 비자를 발급받아야 한다
",체류지 변경 신고를 해야 한다,30.0
"예를 들면 대한민국에 5년 이상 체류하고 있는 자, 한국 국민의 배우자 또는 영주자격자의 배우자 및 미성년 자녀, 미국 달러 기준 50만 달러 이상을 투자한 외국인, 재외동포 체류자격 소지자, 첨단산업분야 박사학위 소지자, 첨단 산업분야 학사학위 및 자격증 소지자 등이다.",719,영주권을 신청할 수 있는 사람에는 어떤 사람들이 포함되는가?,"1. 한국에 5년 이상 체류하고 있는 사람, 한국 국민의 배우자, 50만 달러 이상을 투자한 외국인 등
2. 한국 국민
3. 한국에 거주하는 모든 외국인
4. 한국어를 유창하게 구사하는 사람
","한국에 5년 이상 체류하고 있는 사람, 한국 국민의 배우자, 50만 달러 이상을 투자한 외국인 등",30.0
"권리협약, UN 아동권리위원회권고(2003.1)에 따라 신체적 자유와 표현의 자유, 양육 받을 권리와 가족 재결합의 권리(부모가 합법체류자인 경우), 유해 환경으로부터 보호 받을 권리, 차별받지 않을 권리, 휴식·여가와 문화생활에 참여할 권리, 교육받을 권리, 노동 착취로부터 보호 받을 권리 등 여러 가지 권리를 보장받게 된다.",730,UN 아동권리위원회권고는 언제 제안되었나요?,"1. 2001년
2. 2002년
3. 2003년
4. 2004년
",2003년,30.0
"권리협약, UN 아동권리위원회권고(2003.1)에 따라 신체적 자유와 표현의 자유, 양육 받을 권리와 가족 재결합의 권리(부모가 합법체류자인 경우), 유해 환경으로부터 보호 받을 권리, 차별받지 않을 권리, 휴식·여가와 문화생활에 참여할 권리, 교육받을 권리, 노동 착취로부터 보호 받을 권리 등 여러 가지 권리를 보장받게 된다.",731,UN 아동권리위원회권고에 따르면 어떤 권리가 보장되나요?,"1. 신체적 자유
2. 표현의 자유
3. 양육 받을 권리
4. 모두
",모두,30.0
"권리협약, UN 아동권리위원회권고(2003.1)에 따라 신체적 자유와 표현의 자유, 양육 받을 권리와 가족 재결합의 권리(부모가 합법체류자인 경우), 유해 환경으로부터 보호 받을 권리, 차별받지 않을 권리, 휴식·여가와 문화생활에 참여할 권리, 교육받을 권리, 노동 착취로부터 보호 받을 권리 등 여러 가지 권리를 보장받게 된다.",732,UN 아동권리위원회권고에 따르면 부모가 합법체류자인 경우 아동은 어떤 권리를 가지나요?,"1. 양육 받을 권리
2. 가족 재결합의 권리
3. 노동 착취로부터 보호 받을 권리
4. 가족 재결합의 권리와 양육 받을 권리
",가족 재결합의 권리와 양육 받을 권리,30.0
"권리협약, UN 아동권리위원회권고(2003.1)에 따라 신체적 자유와 표현의 자유, 양육 받을 권리와 가족 재결합의 권리(부모가 합법체류자인 경우), 유해 환경으로부터 보호 받을 권리, 차별받지 않을 권리, 휴식·여가와 문화생활에 참여할 권리, 교육받을 권리, 노동 착취로부터 보호 받을 권리 등 여러 가지 권리를 보장받게 된다.",733,UN 아동권리위원회권고에 따르면 아동은 어떤 환경으로부터 보호 받아야 하나요?,"1. 유해 환경
2. 자연 재해
3. 전쟁
4. 모든 환경
",유해 환경,30.0
"권리협약, UN 아동권리위원회권고(2003.1)에 따라 신체적 자유와 표현의 자유, 양육 받을 권리와 가족 재결합의 권리(부모가 합법체류자인 경우), 유해 환경으로부터 보호 받을 권리, 차별받지 않을 권리, 휴식·여가와 문화생활에 참여할 권리, 교육받을 권리, 노동 착취로부터 보호 받을 권리 등 여러 가지 권리를 보장받게 된다.",734,UN 아동권리위원회권고에 따르면 아동은 무엇으로부터 보호 받아야 하나요?,"1. 노동 착취
2. 유해 환경
3. 차별
4. 모두
",모두,30.0
"권리협약, UN 아동권리위원회권고(2003.1)에 따라 신체적 자유와 표현의 자유, 양육 받을 권리와 가족 재결합의 권리(부모가 합법체류자인 경우), 유해 환경으로부터 보호 받을 권리, 차별받지 않을 권리, 휴식·여가와 문화생활에 참여할 권리, 교육받을 권리, 노동 착취로부터 보호 받을 권리 등 여러 가지 권리를 보장받게 된다.",735,UN 아동권리위원회권고에 따르면 아동은 어떤 권리를 가지나요?,"1. 휴식·여가와 문화생활에 참여할 권리
2. 교육받을 권리
3. 차별받지 않을 권리
4. 모두
",모두,30.0
"권리협약, UN 아동권리위원회권고(2003.1)에 따라 신체적 자유와 표현의 자유, 양육 받을 권리와 가족 재결합의 권리(부모가 합법체류자인 경우), 유해 환경으로부터 보호 받을 권리, 차별받지 않을 권리, 휴식·여가와 문화생활에 참여할 권리, 교육받을 권리, 노동 착취로부터 보호 받을 권리 등 여러 가지 권리를 보장받게 된다.",736,UN 아동권리위원회권고에 따르면 아동은 무엇에 참여할 권리가 있나요?,"1. 휴식·여가
2. 문화생활
3. 교육
4. 휴식·여가와 문화생활
",휴식·여가와 문화생활,30.0
"권리협약, UN 아동권리위원회권고(2003.1)에 따라 신체적 자유와 표현의 자유, 양육 받을 권리와 가족 재결합의 권리(부모가 합법체류자인 경우), 유해 환경으로부터 보호 받을 권리, 차별받지 않을 권리, 휴식·여가와 문화생활에 참여할 권리, 교육받을 권리, 노동 착취로부터 보호 받을 권리 등 여러 가지 권리를 보장받게 된다.",737,UN 아동권리위원회권고에 따르면 아동은 어떤 권리를 가지나요?,"1. 교육받을 권리
2. 노동 착취로부터 보호 받을 권리
3. 차별받지 않을 권리
4. 모두
",모두,30.0
"권리협약, UN 아동권리위원회권고(2003.1)에 따라 신체적 자유와 표현의 자유, 양육 받을 권리와 가족 재결합의 권리(부모가 합법체류자인 경우), 유해 환경으로부터 보호 받을 권리, 차별받지 않을 권리, 휴식·여가와 문화생활에 참여할 권리, 교육받을 권리, 노동 착취로부터 보호 받을 권리 등 여러 가지 권리를 보장받게 된다.",738,UN 아동권리위원회권고에 따르면 아동은 무엇으로부터 보호 받아야 하나요?,"1. 노동 착취
2. 유해 환경
3. 차별
4. 모두
",모두,30.0
"권리협약, UN 아동권리위원회권고(2003.1)에 따라 신체적 자유와 표현의 자유, 양육 받을 권리와 가족 재결합의 권리(부모가 합법체류자인 경우), 유해 환경으로부터 보호 받을 권리, 차별받지 않을 권리, 휴식·여가와 문화생활에 참여할 권리, 교육받을 권리, 노동 착취로부터 보호 받을 권리 등 여러 가지 권리를 보장받게 된다.",739,UN 아동권리위원회권고에 따르면 아동은 어떤 권리를 가지나요?,"1. 신체적 자유
2. 표현의 자유
3. 양육 받을 권리
4. 모두
",모두,30.0
"외국인의 정착을 돕는 한국의 법과 제도 한국 사회에는 외국인 근로자나 결혼이민자는 물론이고 교육이나 관광, 사업 등 다양한 이유로 한 국에 거주하는 외국인들의 숫자가 늘어나고 있다.",830,외국인들이 한국에 거주하는 이유는 무엇인가요?,"1. 근로
2. 결혼이민
3. 교육
4. 모두 맞음
",모두 맞음,31.0
대표적인 것이 바로 2007년에 제정된 재한외국인처우기본법이다.,831,재한외국인들의 인권을 보장하기 위해 제정된 법은 무엇인가요?,"1. 외국인근로자보호법
2. 외국인체류법
3. 재한외국인처우기본법
4. 외국인출입국관리법
",재한외국인처우기본법,31.0
"대표적으로 외국인들이 가장 큰 어려 움을 겪는 언어 문제를 해결하기 위해 법무부, 여성가족부, 고용노동부 등을 중심으로 다국어 전화상담서비스를 실시하고 있다.",832,외국인들이 한국에서 가장 큰 어려움으로 겪는 문제는 무엇인가요?,"1. 언어 문제
2. 문화 차이
3. 직업 찾기
4. 주거 문제
",언어 문제,31.0
또한 한국에서는 복지 정책의 하나로 긴급한 의료지원이 필요한 외국인근로자나 국적취득전의 결혼이민자 등을 위해 의료 지원 사업도 진행하고 있다.,833,한국에서는 어떤 외국인들에게 의료 지원 사업을 진행하고 있나요?,"1. 국적취득전의 결혼이민자
2. 외국인 근로자
3. 학생 비자를 가진 외국인
4. 국적취득전의 결혼이민자와 외국인 근로자
",국적취득전의 결혼이민자와 외국인 근로자,31.0
외국인 의료 지원의 경우 한국의 건강보험 등의 의료보장제도에 의해 의료혜택을 받을 수 없는 외국인들에게 1회 500만원 한도에서 입원부터 퇴원까지 총 진료비를 지원하여 최 소한의 건강한 삶을 보장받을 수 있도록 돕고 있다.,834,한국의 외국인 의료 지원은 어떤 형태로 이루어지나요?,"1. 의료비 전액 지원
2. 1회 500만원 한도의 진료비 지원
3. 의료보험 가입 지원
4. 병원 이용료 할인
",1회 500만원 한도의 진료비 지원,31.0
외국인을 위한 전자정부 한국에서는 국내에 거주하거나 방문하는 외국인을 위해 ‘외국인을 위한 전자정부 (http://www.hikorea.go.kr/)’를 운영하고 있다.,835,한국에서 외국인을 위해 운영하는 전자정부 웹사이트는 무엇인가요?,"1. www.hikorea.go.kr
2. www.foreign.go.kr
3. www.e-gov.kr
4. www.immigration.go.kr
",www.hikorea.go.kr,31.0
"이곳에서는 외국인에게 출입국, 투자, 노동 등의 생활편의 정보를 제공하고, 각종 민원을 인터넷을 통해 처리할 수 있도록 하 고 있다.",836,외국인을 위한 전자정부 웹사이트에서 제공하는 정보는 무엇인가요?,"1. 출입국 정보
2. 투자 정보
3. 노동 정보
4. 모두 맞음
",모두 맞음,31.0
특히 외국인들을 위한 각종 보험 가입이나 혜택은 물론 외국인을 고용하는 고,837,외국인을 위한 전자정부 웹사이트에서 제공하는 서비스 중 하나는 무엇인가요?,"1. 보험 가입
2. 혜택 제공
3. 외국인 고용 정보 제공
4. 모두 맞음
",모두 맞음,31.0
한국에서는 국내에 거주하거나 방문하는 외국인을 위해 ‘외국인을 위한 전자정부 (http://www.hikorea.go.kr/)’를 운영하고 있다.,840,한국에서는 외국인을 위해 어떤 웹사이트를 운영하고 있는가?,"1. 외국인을 위한 전자정부
2. 외국인을 위한 정보센터
3. 외국인을 위한 지원센터
4. 외국인을 위한 커뮤니티
",외국인을 위한 전자정부,31.0
외국인을 위한 전자정부를 통해 외국 인들도 한국 국민들과 대등한 수준의 정보화 혜택을 누릴 수 있을 것으로 기대된다.,841,외국인을 위한 전자정부를 통해 외국인들이 누릴 수 있는 혜택은 무엇인가?,"1. 정보화 혜택
2. 금융 혜택
3. 교육 혜택
4. 의료 혜택
",정보화 혜택,31.0
대표적으로 각 지방자치단체에서 외국인지원 협의 회를 운영하는 경우가 늘어나고 있다.,842,한국의 지방자치단체에서는 외국인을 지원하기 위해 어떤 회를 운영하고 있는가?,"1. 외국인지원 협의회
2. 외국인지원 커뮤니티
3. 외국인지원 센터
4. 외국인지원 네트워크
",외국인지원 협의회,31.0
외국인이 많이 거주하는 지역을 중심으로 외국인자율방범대를 운영하는데 많은 외국인이 참여하고 있다.,843,외국인이 많이 거주하는 지역에서는 어떤 조직을 운영하고 있는가?,"1. 외국인자율방범대
2. 외국인지원단
3. 외국인자원봉사단
4. 외국인문화교류단
",외국인자율방범대,31.0
한국에 거주하는 외국인들이 늘어나면서 외국인들이 특정 지역에 모여 있는 외국인 마을이 생겨나고 있다.,844,한국에 거주하는 외국인들이 늘어나면서 어떤 것이 생겨나고 있는가?,"1. 외국인 마을
2. 외국인 공동체
3. 외국인 센터
4. 외국인 네트워크
",외국인 마을,31.0
외국인 마을에서는 외국인들이 자신들의 문화를 유지하면서 한국 사회에 적응할 수 있도록 다양한 지원을 받고 있다.,845,외국인 마을에서는 외국인들이 어떤 것을 유지하면서 한국 사회에 적응할 수 있도록 도와주는가?,"1. 자신들의 문화
2. 자신들의 언어
3. 자신들의 신념
4. 자신들의 전통
",자신들의 문화,31.0
이를 통해 외국 인들은 단순히 지원을 받는 대상이 아니라 한국 사회의 책임 있는 구성원으로 자리 잡고 있다.,846,"한국에서의 외국인들은 단순히 어떤 대상이 아닌, 어떤 구성원으로 자리 잡고 있는가?","1. 지원을 받는 대상
2. 참여하는 대상
3. 관찰하는 대상
4. 학습하는 대상
",지원을 받는 대상,31.0
외국인자율방범대의 경우 외국인 들이 한국인 경찰관과 합동으로 지역을 순찰하고 외국인 관련 범죄나 분쟁 해결에 실질적인 도움을 주고 있다.,847,외국인자율방범대의 주요 활동은 무엇인가?,"1. 지역 순찰과 범죄나 분쟁 해결
2. 외국인 지원과 문화 교류
3. 외국인 교육과 직업 훈련
4. 외국인 건강 관리와 의료 서비스
",지역 순찰과 범죄나 분쟁 해결,31.0
특히 한국 문화를 잘 모르거나 의사 소통의 어려움으로 인해 범죄사건 등에서 어려움을 겪는 외국인들의 인권 보호에 기여한다는 점에서 의의가 있다.,848,외국인자율방범대의 활동이 외국인들의 어떤 것을 보호하는데 기여하고 있는가?,"1. 인권
2. 생활
3. 문화
4. 언어
",인권,31.0
"이러한 지원은 외국인들이 한국 사회에 더욱 빠르게 적응하고, 한국 사회와의 상호 이해를 증진하는 데 기여하고 있다.",849,외국인 마을에서 제공하는 지원이 한국 사회와 외국인 사이의 무엇을 증진하는데 기여하고 있는가?,"1. 상호 이해
2. 문화 교류
3. 경제 발전
4. 사회 통합
",상호 이해,31.0
들이 한국인 경찰관과 합동으로 지역을 순찰하고 외국인 관련 범죄나 분쟁 해결에 실질적인 도움을 주고 있다.,850,한국에서 외국인 관련 범죄나 분쟁 해결에 어떤 방식으로 도움을 주고 있는가?,"1. 외국인 경찰관이 한국인 경찰관과 합동으로 순찰하고 있다.
2. 외국인 경찰관이 독립적으로 순찰하고 있다.
3. 한국인 경찰관이 외국인 경찰관을 도와주고 있다.
4. 외국인 경찰관이 한국인 경찰관을 도와주고 있다.
",외국인 경찰관이 한국인 경찰관과 합동으로 순찰하고 있다.,31.0
한국의 외국인 마을 한국에 거주하는 외국인들이 늘어나면서 외국인들이 특정 지역에 모여 있는 외국인 마을도 늘어나고 있다.,851,한국에 거주하는 외국인들이 늘어나면서 어떤 현상이 발생하고 있는가?,"1. 외국인들이 한국을 떠나고 있다.
2. 외국인들이 한국에서 일을 찾고 있다.
3. 외국인들이 한국에서 학교를 다니고 있다.
4. 외국인들이 특정 지역에 모여 있는 외국인 마을이 늘어나고 있다.
",외국인들이 특정 지역에 모여 있는 외국인 마을이 늘어나고 있다.,31.0
"서울의 경우 구로구 가리봉동의 조선족 마을, 용산구 이태원동의 이슬람 마을, 서초구 방배동의 서래마을, 용산구 이촌동의 일본마을, 동대문구 광희동의 몽고마을 등이 대표적이다.",852,서울에서 대표적인 외국인 마을로 어떤 곳들이 있는가?,"1. 구로구 가리봉동의 조선족 마을, 용산구 이태원동의 이슬람 마을, 서초구 방배동의 서래마을, 용산구 이촌동의 일본마을, 동대문구 광희동의 몽고마을
2. 강남구 청담동의 미국인 마을, 종로구 이화동의 중국인 마을, 강서구 가양동의 베트남인 마을
3. 마포구 서교동의 프랑스인 마을, 성동구 성수동의 이탈리아인 마을, 강동구 천호동의 러시아인 마을
4. 송파구 잠실동의 캐나다인 마을, 도봉구 창동의 필리핀인 마을, 광진구 군자동의 인도인 마을
","구로구 가리봉동의 조선족 마을, 용산구 이태원동의 이슬람 마을, 서초구 방배동의 서래마을, 용산구 이촌동의 일본마을, 동대문구 광희동의 몽고마을",31.0
서울 외에도 경기도 안산의 국경 없는 마을과 인천의 차이나 타운 등을 들 수 있다.,853,서울 외에 어떤 지역에도 외국인 마을이 있는가?,"1. 경기도 안산의 국경 없는 마을과 인천의 차이나 타운
2. 부산의 러시아 마을과 대구의 베트남 마을
3. 광주의 미국 마을과 대전의 중국 마을
4. 제주도의 일본 마을과 울산의 필리핀 마을
",경기도 안산의 국경 없는 마을과 인천의 차이나 타운,31.0
외국인 마을의 증가는 외국인들이 한국 사회에 정착하고 한국 사회가 다문화 사회로 변해가고 있음을 잘 보여준다.,854,외국인 마을의 증가가 보여주는 한국 사회의 변화는 무엇인가?,"1. 한국 사회가 다문화 사회로 변해가고 있음
2. 한국 사회가 단일문화 사회로 변해가고 있음
3. 한국 사회가 외국인에게 불편한 사회로 변해가고 있음
4. 한국 사회가 외국인에게 친숙한 사회로 변해가고 있음
",한국 사회가 다문화 사회로 변해가고 있음,31.0
특히 한국 문화를 잘 모르거나 의사 소통의 어려움으로 인해 범죄사건 등에서 어려움을 겪는 외국인들의 인권 보호에 기여한다는 점에서 의의가 있다.,855,한국인 경찰관과 외국인 경찰관의 합동 순찰이 외국인들의 어떤 부분에 기여하고 있는가?,"1. 외국인들의 인권 보호
2. 외국인들의 경제적 자립
3. 외국인들의 사회적 지위 향상
4. 외국인들의 문화적 이해
",외국인들의 인권 보호,31.0
"서울의 경우 구로구 가리봉동의 조선족 마을, 용산구 이태원동의 이슬람 마을, 서초구 방배동의 서래마을, 용산구 이촌동의 일본마을, 동대문구 광희동의 몽고마을 등이 대표적이다.",856,서울의 어느 지역에 이슬람 마을이 위치해 있는가?,"1. 구로구 가리봉동
2. 용산구 이태원동
3. 서초구 방배동
4. 동대문구 광희동
",용산구 이태원동,31.0
서울 외에도 경기도 안산의 국경 없는 마을과 인천의 차이나 타운 등을 들 수 있다.,857,경기도 안산에는 어떤 외국인 마을이 있는가?,"1. 국경 없는 마을
2. 차이나 타운
3. 일본마을
4. 몽고마을
",국경 없는 마을,31.0
한국의 외국인 마을 한국에 거주하는 외국인들이 늘어나면서 외국인들이 특정 지역에 모여 있는 외국인 마을도 늘어나고 있다.,858,외국인들이 한국에 거주하면서 늘어나는 현상은 무엇인가?,"1. 외국인들이 한국에서 일을 찾는 현상
2. 외국인들이 한국에서 학교를 다니는 현상
3. 외국인들이 한국에서 사업을 하는 현상
4. 외국인들이 특정 지역에 모여 있는 외국인 마을이 늘어나는 현상
",외국인들이 특정 지역에 모여 있는 외국인 마을이 늘어나는 현상,31.0
외국인 마을의 증가는 외국인들이 한국 사회에 정착하고 한국 사회가 다문화 사회로 변해가고 있음을 잘 보여준다.,859,외국인 마을의 증가가 한국 사회에 어떤 영향을 미치고 있는가?,"1. 한국 사회가 다문화 사회로 변해가고 있음
2. 한국 사회가 단일문화 사회로 변해가고 있음
3. 한국 사회가 외국인에게 불편한 사회로 변해가고 있음
4. 한국 사회가 외국인에게 친숙한 사회로 변해가고 있음
",한국 사회가 다문화 사회로 변해가고 있음,31.0
대한민국 국민의 자격은 단지 한국에 살거나 한국말을 잘하는 사람에게 주어지는 것이 아니다.,620,대한민국 국민의 자격을 얻기 위한 조건으로 옳지 않은 것은?,"1. 한국에 살고 있다
2. 한국말을 잘한다
3. 한국적인 외모를 갖고 있다
4. 대한민국의 국적을 가지고 있다
",한국에 살고 있다,32.0
국적은 한 나라의 구성원이 되는 자격을 말한다.,621,국적이란 무엇을 의미하는가?,"1. 한 나라의 구성원이 되는 자격
2. 어떤 나라에서 태어났는지
3. 어떤 나라에서 살고 있는지
4. 어떤 나라의 언어를 사용하는지
",한 나라의 구성원이 되는 자격,32.0
미국이나 캐나다에서는 태어난 장소를 중시한다.,622,미국이나 캐나다에서 국적을 얻는 기준은 무엇인가?,"1. 태어난 장소
2. 부모의 국적
3. 현재 거주하는 장소
4. 언어 사용 능력
",태어난 장소,32.0
속인주의를 따르고 있는 대한민국 국적법에서도 어떤 사람이 태어난 장소보다 그 사람의 부모의 국적이 더 중요한 기준이 된다.,623,대한민국에서 국적을 얻는 기준은 무엇인가?,"1. 태어난 장소
2. 부모의 국적
3. 현재 거주하는 장소
4. 언어 사용 능력
",부모의 국적,32.0
아이가 태어났을 때 그 아이 아버지나 어머니 중 어느 한 쪽 혹은 모두가 대한민국의 국민이라면 그 아이는 곧 대한민국 국민이 될 수 있다.,624,아이가 대한민국 국민이 될 수 있는 조건은 무엇인가?,"1. 아이가 한국에서 태어났다
2. 아이의 부모 중 한 명 이상이 대한민국 국민이다
3. 아이가 한국어를 할 수 있다
4. 아이가 한국에서 살고 있다
",아이의 부모 중 한 명 이상이 대한민국 국민이다,32.0
결혼이민자는 본래의 국적을 계속 유지할 수 있어요.,625,결혼이민자는 본래의 국적을 유지할 수 있는가?,"1. 예
2. 아니오
3. 경우에 따라 다르다
4. 정보가 부족하다
",예,32.0
대한민국으로 귀화한 외국인은 대한민국 국적을 취득한 날로부터 1년 이내에 본래의 외국 국적을 포기해야 하는 것이 원칙이다.,626,대한민국으로 귀화한 외국인이 본래의 외국 국적을 포기해야 하는 기간은 얼마인가?,"1. 6개월
2. 1년
3. 2년
4. 3년
",1년,32.0
특정한 조건을 갖춘 경우에는 외국 국적을 행사하지 않겠다는 ‘외국 국적 불행사 서약’을 함으로써 본래의 국적을 포기 하지 않아도 된다.,627,"특정한 조건을 갖춘 경우, 외국인은 어떻게 본래의 국적을 유지할 수 있는가?","1. 외국 국적 불행사 서약을 한다
2. 대한민국 국적을 포기한다
3. 결혼이민자가 된다
4. 한국에서 태어난 아이를 가진다
",외국 국적 불행사 서약을 한다,32.0
정상적인 혼인 관계를 유지하고 있는 결혼이민자가 귀화를 하면서 ‘외국 국적 불행사 서약’을 하면 복수 국적자로서 살아갈 수 있다.,628,결혼이민자가 복수 국적자로 살아갈 수 있는 조건은 무엇인가?,"1. 정상적인 혼인 관계를 유지하고 있어야 한다
2. 한국에서 태어난 아이를 가지고 있어야 한다
3. 한국어를 유창하게 할 수 있어야 한다
4. 한국에서 일을 하고 있어야 한다
",정상적인 혼인 관계를 유지하고 있어야 한다,32.0
외국 국적 불행사 서약은 대한민국 국적을 취득한 날로부터 1년 이내에 출입국관리사무소를 통해 해야 한다.,629,외국 국적 불행사 서약을 해야 하는 기간은 얼마인가?,"1. 6개월
2. 1년
3. 2년
4. 3년
",1년,32.0
국적을 행사하지 않겠다는 ‘외국 국적 불행사 서약’을 함으로써 본래의 국적을 포기 하지 않아도 된다.,630,외국 국적 불행사 서약을 함으로써 얻을 수 있는 이점은 무엇인가?,"1. 본래의 국적을 포기하지 않아도 된다
2. 대한민국 국적을 취득할 수 있다
3. 복수 국적자로서 살아갈 수 있다
4. 모든 국적을 포기할 수 있다
",본래의 국적을 포기하지 않아도 된다,32.0
외국 국적 불행사 서약은 대한민국 국적을 취득한 날로부터 1년 이내에 출입국관리사무소를 통해 할 수 있다.,631,외국 국적 불행사 서약을 할 수 있는 기간은 언제인가?,"1. 대한민국 국적을 취득한 날로부터 1년 이내
2. 대한민국 국적을 취득한 날로부터 2년 이내
3. 대한민국 국적을 취득한 날로부터 3년 이내
4. 대한민국 국적을 취득한 날로부터 5년 이내
",대한민국 국적을 취득한 날로부터 1년 이내,32.0
"외국 국적 불행사 서약을 한 후, 거기에 위반되는 행위를 한 경우에는 하나의 국적을 선택하라는 명령을 받게 된다.",632,외국 국적 불행사 서약에 위반되는 행위를 한 경우에는 어떤 명령을 받게 되는가?,"1. 하나의 국적을 선택하라는 명령
2. 모든 국적을 포기하라는 명령
3. 대한민국 국적을 포기하라는 명령
4. 외국 국적을 포기하라는 명령
",하나의 국적을 선택하라는 명령,32.0
그러면 6개월 이내에 본래의 국적과 한국 국적 중 하나를 선택해야 한다.,633,"외국 국적 불행사 서약에 위반되는 행위를 한 후, 얼마 안에 국적을 선택해야 하는가?","1. 1개월 이내
2. 3개월 이내
3. 6개월 이내
4. 1년 이내
",6개월 이내,32.0
그렇지 않으면 대한민국 국적을 잃게 된다.,634,"외국 국적 불행사 서약에 위반되는 행위를 한 후, 국적을 선택하지 않으면 어떤 결과를 초래하는가?","1. 대한민국 국적을 잃게 된다
2. 본래의 국적을 잃게 된다
3. 모든 국적을 잃게 된다
4. 복수 국적자가 될 수 없게 된다
",대한민국 국적을 잃게 된다,32.0
"일반귀화는 대한민국과 아무런 혈연적, 지연적 관계가 없는 외국인이 대한민국 국적을 취득하는 절차이다.",635,일반귀화란 무엇인가?,"1. 대한민국과 혈연적, 지연적 관계가 있는 외국인이 대한민국 국적을 취득하는 절차
2. 대한민국과 아무런 혈연적, 지연적 관계가 없는 외국인이 대한민국 국적을 취득하는 절차
3. 외국인이 대한민국 국적을 포기하는 절차
4. 외국인이 복수 국적을 취득하는 절차
","대한민국과 아무런 혈연적, 지연적 관계가 없는 외국인이 대한민국 국적을 취득하는 절차",32.0
"일반귀화를 위해서는 한국에서 5년 이상 생활하고, 한국에 주소가 있어야 하며, 귀화 신청 당시 민법상 만 19세 이상의 성인이어야 한다.",636,일반귀화를 위한 조건은 무엇인가?,"1. 한국에서 5년 이상 생활하고, 한국에 주소가 있어야 하며, 귀화 신청 당시 민법상 만 19세 이상의 성인이어야 한다
2. 한국에서 3년 이상 생활하고, 한국에 주소가 있어야 하며, 귀화 신청 당시 민법상 만 18세 이상의 성인이어야 한다
3. 한국에서 5년 이상 생활하고, 한국에 주소가 있어야 하며, 귀화 신청 당시 민법상 만 21세 이상의 성인이어야 한다
4. 한국에서 3년 이상 생활하고, 한국에 주소가 있어야 하며, 귀화 신청 당시 민법상 만 20세 이상의 성인이어야 한다
","한국에서 5년 이상 생활하고, 한국에 주소가 있어야 하며, 귀화 신청 당시 민법상 만 19세 이상의 성인이어야 한다",32.0
간이귀화는 대한민국과 일정한 관계가 있는 외국인이 대한민국 국적을 취득하는 절차이다.,637,간이귀화란 무엇인가?,"1. 대한민국과 아무런 혈연적, 지연적 관계가 없는 외국인이 대한민국 국적을 취득하는 절차
2. 대한민국과 일정한 관계가 있는 외국인이 대한민국 국적을 취득하는 절차
3. 외국인이 대한민국 국적을 포기하는 절차
4. 외국인이 복수 국적을 취득하는 절차
",대한민국과 일정한 관계가 있는 외국인이 대한민국 국적을 취득하는 절차,32.0
"혼인귀화도 간이 귀화에 해당한다. 한국 국민인 배우자와 혼인한 상태로 2년 이상 계속 한국에 주소를 가지고 있거나, 혼인 후 3년이 지나고 1년 이상 계속 한국에 주소를 가지고 있는 외국인은 귀화를 신청할 수 있다.",638,혼인귀화를 신청할 수 있는 조건은 무엇인가?,"1. 한국 국민인 배우자와 혼인한 상태로 2년 이상 계속 한국에 주소를 가지고 있거나, 혼인 후 3년이 지나고 1년 이상 계속 한국에 주소를 가지고 있는 외국인
2. 한국 국민인 배우자와 혼인한 상태로 1년 이상 계속 한국에 주소를 가지고 있는 외국인
3. 한국 국민인 배우자와 혼인한 상태로 3년 이상 계속 한국에 주소를 가지고 있는 외국인
4. 한국 국민인 배우자와 혼인한 상태로 5년 이상 계속 한국에 주소를 가지고 있는 외국인
","한국 국민인 배우자와 혼인한 상태로 2년 이상 계속 한국에 주소를 가지고 있거나, 혼인 후 3년이 지나고 1년 이상 계속 한국에 주소를 가지고 있는 외국인",32.0
"귀화에는 일반귀화, 간이귀화, 특별귀화의 3가지 유형이 있다.",639,귀화에는 몇 가지 유형이 있는가?,"1. 2가지
2. 3가지
3. 4가지
4. 5가지
",3가지,32.0
"에서 태어났으며 본인도 한국에서 태어난 경우, 성년일 때 입양되어 한국 국민의 양자가 된 경우에 간이 귀화신청이 가능하다.",640,"한국에서 태어난 경우, 어떤 경우에 간이 귀화 신청이 가능한가?","1. 성년일 때 입양되어 한국 국민의 양자가 된 경우
2. 성년일 때 한국에 거주하고 있는 경우
3. 성년일 때 한국 국민과 결혼한 경우
4. 성년일 때 한국에서 일한 경우
",성년일 때 입양되어 한국 국민의 양자가 된 경우,32.0
"혼인귀화도 간이 귀화에 해당한다. 한국 국민인 배우자와 혼인한 상태로 2년 이상 계속 한국에 주소를 가지고 있거나, 혼인 후 3년이 지나고 1년 이상 계속 한국에 주소를 가지고 있는 외국인은 귀화를 신청할 수 있다.",641,한국 국민과 혼인한 외국인이 귀화를 신청할 수 있는 조건은 무엇인가?,"1. 혼인한 상태로 2년 이상 계속 한국에 주소를 가지고 있는 경우
2. 혼인 후 3년이 지나고 1년 이상 계속 한국에 주소를 가지고 있는 경우
3. 혼인한 상태로 1년 이상 계속 한국에 주소를 가지고 있는 경우
4. 혼인 후 2년이 지나고 1년 이상 계속 한국에 주소를 가지고 있는 경우
",혼인한 상태로 2년 이상 계속 한국에 주소를 가지고 있는 경우,32.0
특별귀화는 부모 중 어느 한쪽이 한국 국민이거나 대한민국에 특별한 공로가 있는 등의 경우에 한해 한국에 주소를 두고 있을 때 국적을 부여하는 제도이다.,642,특별귀화는 어떤 경우에 가능한가?,"1. 부모 중 어느 한쪽이 한국 국민인 경우
2. 대한민국에 특별한 공로가 있는 경우
3. 한국에 주소를 두고 있는 경우
4. 모든 경우
",부모 중 어느 한쪽이 한국 국민인 경우,32.0
40년 봉사 벨기에인·고려인2세 교육자 특별귀화 허가 법무부는 지난 20015년 10월 31일 특별귀화허가를 받아 한국 국적을 취득한 특별 공로자 두 명에 대한 국적증서를 수여했다.,643,법무부는 언제 특별 공로자 두 명에게 국적증서를 수여했는가?,"1. 20015년 10월 31일
2. 2015년 10월 31일
3. 2010년 10월 31일
4. 2005년 10월 31일
",20015년 10월 31일,32.0
브라서 마리 헬렌씨는 1972년 26세 때에 벨기에를 떠나 한국에 머물며 고(故) 김수환 추기경의 추천으로 1975년 서울 시흥동 판자촌에 무료 진료소를 열었다.,644,브라서 마리 헬렌씨가 한국에서 무료 진료소를 열었던 장소는 어디인가?,"1. 서울 강남구
2. 서울 종로구
3. 서울 시흥동
4. 서울 동대문구
",서울 시흥동,32.0
"엄넬리 박사는 고려인 2세로 모스크바 소재 중, 고교에서 교장으로 재직하다 1992년 한민족학교를 설립해 한국어 보급교육을 해왔다.",645,엄넬리 박사가 설립한 학교의 이름은 무엇인가?,"1. 한민족학교
2. 한국어학교
3. 한국문화학교
4. 한국사학교
",한민족학교,32.0
이 두 사람은 외국 국적 불행사 서약을 하면 갖고 있던 외국국적을 포기하지 않고도 국내에서 한국민으로서의 지위를 가질 수 있다.,646,외국 국적 불행사 서약을 한 사람이 국내에서 가질 수 있는 지위는 무엇인가?,"1. 한국민
2. 외국인
3. 이중국적자
4. 비자 소지자
",한국민,32.0
이에 올해 올해의 이민자 상(대통령표창)을 수상한 바 있다.,647,올해의 이민자 상은 누가 수여하는 상인가?,"1. 국회의장
2. 대통령
3. 국무총리
4. 법무부 장관
",대통령,32.0
"이 공로로 1998년 대통령 표창, 2002년 국민포장, 2007년 국민훈장 목련장을 받았다.",648,엄넬리 박사가 받은 표창과 상은 무엇인가?,"1. 대통령 표창, 국민포장, 국민훈장 목련장
2. 대통령 표창, 국민포장, 국민훈장 동백장
3. 대통령 표창, 국민포장, 국민훈장 장미장
4. 대통령 표창, 국민포장, 국민훈장 국화장
","대통령 표창, 국민포장, 국민훈장 목련장",32.0
귀화한 특별공로자는 벨기에 국적의 브라서 마리 헬렌 전진상의원 원장과 러시아 국적의 엄넬리 박사다.,649,특별공로자로 귀화한 두 사람의 국적과 이름은 무엇인가?,"1. 벨기에 국적의 브라서 마리 헬렌, 러시아 국적의 엄넬리 박사
2. 러시아 국적의 브라서 마리 헬렌, 벨기에 국적의 엄넬리 박사
3. 벨기에 국적의 엄넬리 박사, 러시아 국적의 브라서 마리 헬렌
4. 러시아 국적의 엄넬리 박사, 벨기에 국적의 브라서 마리 헬렌
","벨기에 국적의 브라서 마리 헬렌, 러시아 국적의 엄넬리 박사",32.0
한국에서는 한 사건에 대해 3번까지 재판을 받을 수 있도록 하고 있는데 이를 가리켜 ‘3심 제도’라고 부른다.,330,한국에서는 한 사건에 대해 몇 번까지 재판을 받을 수 있도록 하고 있는가?,"1. 1번
2. 2번
3. 3번
4. 4번
",3번,33.0
1심 재판은 지방법원에서 이루어지고 결과가 불공정하다고 생각 되면 고등법원이나 지방법원 합의부에서 이루어지는 2심 재판을 받을 수 있다.,331,1심 재판은 어디에서 이루어지는가?,"1. 대법원
2. 고등법원
3. 지방법원
4. 헌법재판소
",지방법원,33.0
법을 집행하는 기관은 어디일까? 다른 나라와 마찬가지로 한국에도 사회질서를 유지하기 위해 법을 집행하는 국가 기관들이 있다.,332,한국에서 법을 집행하는 기관은 무엇인가?,"1. 경찰과 검찰
2. 국회
3. 정부
4. 헌법재판소
",경찰과 검찰,33.0
"법집행기관은 직접 나서서 범죄 용의자를 잡아들여 조사하기도 하고, 피해자나 일반 국민의 고소나 신고를 통해 범죄 용의자에 대한 조사를 시작하기도 한다.",333,법집행기관이 범죄 용의자에 대한 조사를 시작하는 방법은 무엇인가?,"1. 직접 나서서 범죄 용의자를 잡아들여 조사
2. 피해자나 일반 국민의 고소나 신고를 통해 조사를 시작
3. 범죄 용의자의 자백을 통해 조사를 시작
4. A와 B
",A와 B,33.0
"법 집행기관으로서 대한민국 경찰은 국민의 생명과 신체, 재산의 보호, 범죄의 예방과 진압 및 수사, 교통 단속과 위해 방지, 그 밖의 질서유지 등의 일을 한다.",334,대한민국 경찰의 주요 역할은 무엇인가?,"1. 국민의 생명과 신체, 재산의 보호
2. 범죄의 예방과 진압 및 수사
3. 교통 단속과 위해 방지
4. 모두 맞음
",모두 맞음,33.0
경찰서나 지구대를 직접 찾아가지 않더라도 112에 전화신고를 하는 것만으로도 경찰의 도움을 받을 수 있다.,335,경찰의 도움을 받기 위해 어떤 전화번호로 신고를 할 수 있는가?,"1. 119
2. 112
3. 114
4. 120
",112,33.0
"대한민국 검찰 역시 법 집행기관으로서, 국민 모두가 안심하고 생활할 수 있는 안전한 사회를 만들기 위해 범죄를 수사하고 법을 집행하는 일을 한다.",336,대한민국 검찰의 주요 역할은 무엇인가?,"1. 범죄를 수사하고 법을 집행하는 일
2. 국민의 생명과 신체, 재산의 보호
3. 교통 단속과 위해 방지
4. 질서유지
",범죄를 수사하고 법을 집행하는 일,33.0
"검찰은 기본적으로 경찰의 수사를 지휘하기도 하고, 범죄자에 대한 재판을 법원에 청구할 수 있는 권한을 가지고 있다는 점, 재판과정에 직접 참여하여 범죄자에 대한 처벌을 요구한다는 점 등에서 경찰과는 다른 역할을 담당하고 있다.",337,검찰이 경찰과 다르게 가지고 있는 권한은 무엇인가?,"1. 범죄자에 대한 재판을 법원에 청구할 수 있는 권한
2. 재판과정에 직접 참여하여 범죄자에 대한 처벌을 요구하는 권한
3. 경찰의 수사를 지휘하는 권한
4. 모두 맞음
",모두 맞음,33.0
"법집행 기관의 수사 결과, 용의자의 법 위반 사실이 있다고 판단될 경우 검찰은 범죄자를 처벌해 달라고 법원에 재판을 신청한다.",338,"법집행 기관의 수사 결과, 용의자의 법 위반 사실이 있다고 판단될 경우 어떤 조치를 취하는가?","1. 범죄자를 직접 처벌한다
2. 범죄자를 처벌해 달라고 법원에 재판을 신청한다
3. 범죄자를 경찰에게 인계한다
4. 범죄자를 해외로 추방한다
",범죄자를 처벌해 달라고 법원에 재판을 신청한다,33.0
또다시 결과가 불공정하다 고 생각되면 대법원에서 3심 재판을 받을 수 있다.,339,3심 재판은 어디에서 이루어지는가?,"1. 지방법원
2. 고등법원
3. 대법원
4. 헌법재판소
",대법원,33.0
"대한 수사를 한다는 점에서는 경찰과 비슷한 점도 있지만, 검찰은 기본적으로 경찰의 수사를 지휘하기도 하고, 범죄자에 대한 재판을 법원에 청구할 수 있는 권한을 가지고 있다는 점, 재판과정에 직접 참여하여 범죄자에 대한 처벌을 요구한다는 점 등에서 경찰과는 다른 역할을 담당하고 있다.",340,검찰이 경찰과 다른 역할을 담당하는 것은 무엇인가?,"1. 수사를 지휘하는 것
2. 범죄자에 대한 재판을 법원에 청구할 수 있는 것
3. 재판과정에 직접 참여하여 범죄자에 대한 처벌을 요구하는 것
4. 모두
",모두,33.0
특별사법경찰이란? 특사경이라고도 불리는 특별사법경찰관은 경찰은 아니지만 법에 의해 사법경찰관의 직무를 행하는 자이다.,341,특별사법경찰관이란 무엇인가?,"1. 경찰의 일종
2. 법에 의해 사법경찰관의 직무를 행하는 자
3. 범죄자에 대한 처벌을 요구하는 자
4. 수사를 지휘하는 자
",법에 의해 사법경찰관의 직무를 행하는 자,33.0
오늘날 경찰이 직접 직무를 수행하기 힘든 전문적인 분야에서 특별사법경찰관이 경찰의 역할을 수행하고 있다.,342,특별사법경찰관이 경찰의 역할을 수행하는 경우는 어떤 경우인가?,"1. 경찰이 직접 직무를 수행하기 힘든 전문적인 분야
2. 범죄자에 대한 처벌을 요구하는 경우
3. 재판을 법원에 청구하는 경우
4. 수사를 지휘하는 경우
",경찰이 직접 직무를 수행하기 힘든 전문적인 분야,33.0
예를 들면 출입국관리사무소나 세관 등의 담당 직원들이 경찰을 대신해 직접 수사를 하는 것이다.,343,특별사법경찰관의 예로 어떤 것이 있을까?,"1. 출입국관리사무소나 세관의 담당 직원들
2. 검찰
3. 법원
4. 경찰
",출입국관리사무소나 세관의 담당 직원들,33.0
이들 또한 법에 의해 권한을 부여 받은 법집행기관의 구성원들이다.,344,특별사법경찰관은 어떤 기관의 구성원인가?,"1. 법집행기관
2. 검찰
3. 법원
4. 경찰
",법집행기관,33.0
특별사법경찰이란? 특사경이라고도 불리는 특별사법경찰관은 경찰은 아니지만 법에 의해 사법경찰관의 직무를 행하는 자이다.,345,특별사법경찰관을 다른 말로 무엇이라고 부르는가?,"1. 특사경
2. 경찰
3. 검찰
4. 법원
",특사경,33.0
"검찰은 기본적으로 경찰의 수사를 지휘하기도 하고, 범죄자에 대한 재판을 법원에 청구할 수 있는 권한을 가지고 있다는 점, 재판과정에 직접 참여하여 범죄자에 대한 처벌을 요구한다는 점 등에서 경찰과는 다른 역할을 담당하고 있다.",346,검찰이 가지고 있는 권한은 무엇인가?,"1. 경찰의 수사를 지휘하는 것
2. 범죄자에 대한 재판을 법원에 청구할 수 있는 것
3. 재판과정에 직접 참여하여 범죄자에 대한 처벌을 요구하는 것
4. 모두
",모두,33.0
오늘날 경찰이 직접 직무를 수행하기 힘든 전문적인 분야에서 특별사법경찰관이 경찰의 역할을 수행하고 있다.,347,특별사법경찰관이 경찰의 역할을 수행하는 이유는 무엇인가?,"1. 경찰이 직접 직무를 수행하기 힘든 전문적인 분야 때문
2. 범죄자에 대한 처벌을 요구하기 때문
3. 재판을 법원에 청구하기 때문
4. 수사를 지휘하기 때문
",경찰이 직접 직무를 수행하기 힘든 전문적인 분야 때문,33.0
예를 들면 출입국관리사무소나 세관 등의 담당 직원들이 경찰을 대신해 직접 수사를 하는 것이다.,348,출입국관리사무소나 세관의 담당 직원들이 하는 역할은 무엇인가?,"1. 경찰을 대신해 직접 수사하는 것
2. 범죄자에 대한 처벌을 요구하는 것
3. 재판을 법원에 청구하는 것
4. 수사를 지휘하는 것
",경찰을 대신해 직접 수사하는 것,33.0
이들 또한 법에 의해 권한을 부여 받은 법집행기관의 구성원들이다.,349,특별사법경찰관이 받는 권한은 어디에서 부여받는가?,"1. 법
2. 검찰
3. 법원
4. 경찰
",법,33.0
재산과 관련된 문제는 어떻게 해결해야 할까? 다른 사람들과 중요한 약속을 하거나 거래를 할 때 법을 잘 알지 못하여 어려움을 겪는 경우가 생길 수 있다.,770,다른 사람들과 중요한 약속을 하거나 거래를 할 때 어떤 어려움이 생길 수 있는가?,"1. 법을 잘 알지 못하여 어려움을 겪는다
2. 계약서를 잘 작성하지 못한다
3. 돈을 빌려주지 않는다
4. 부동산 계약을 하지 않는다
",법을 잘 알지 못하여 어려움을 겪는다,34.0
다른 사람과 돈을 주고받는 거래를 할 때는 계약서를 작성하는 것이 좋다.,771,다른 사람과 돈을 주고받는 거래를 할 때 어떤 절차를 거쳐야 하는가?,"1. 계약서를 작성한다
2. 돈을 빌려준다
3. 돈을 빌린다
4. 부동산 계약을 한다
",계약서를 작성한다,34.0
"차용증에는 돈을 빌리는 사람과 빌려주는 사람의 이름과 서명, 빌린 돈의 액수, 이자, 돈을 갚을 날짜 등이 기록된다.",772,차용증에 기록되어야 하는 정보는 무엇인가?,"1. 돈을 빌리는 사람과 빌려주는 사람의 이름과 서명, 빌린 돈의 액수, 이자, 돈을 갚을 날짜
2. 빌린 돈의 액수, 이자, 돈을 갚을 날짜
3. 돈을 빌리는 사람과 빌려주는 사람의 이름과 서명, 빌린 돈의 액수
4. 돈을 빌리는 사람과 빌려주는 사람의 이름과 서명, 이자, 돈을 갚을 날짜
","돈을 빌리는 사람과 빌려주는 사람의 이름과 서명, 빌린 돈의 액수, 이자, 돈을 갚을 날짜",34.0
"특히 계약서와 함께 해당 부동산의 등기부등본을 반드시 확인하고 계약하는 사람이 실제 집주인이 맞는지, 해당 부동산에 다른 법적인 문제가 없는지를 자세히 확인해야 한다.",773,부동산 계약을 할 때 반드시 확인해야 하는 것은 무엇인가?,"1. 계약서와 함께 해당 부동산의 등기부등본
2. 계약서와 함께 해당 부동산의 가격
3. 계약서와 함께 해당 부동산의 위치
4. 계약서와 함께 해당 부동산의 크기
",계약서와 함께 해당 부동산의 등기부등본,34.0
외국인이 한국에서 생활하면서 여러 가지 계약을 맺을 때에는 법무사나 변호사 등 법률전문가의 도움을 받는 것이 좋다.,774,외국인이 한국에서 계약을 맺을 때 어떤 도움을 받는 것이 좋은가?,"1. 법무사나 변호사 등 법률전문가의 도움
2. 부동산 중개사의 도움
3. 한국인 친구의 도움
4. 한국어 교사의 도움
",법무사나 변호사 등 법률전문가의 도움,34.0
법무사는 법원이나 검찰 등에 내야 하는 서류를 대신해서 작성해 준다.,775,법무사의 역할은 무엇인가?,"1. 법원이나 검찰 등에 내야 하는 서류를 대신해서 작성한다
2. 재산 문제에 관한 재판을 한다
3. 계약서를 작성한다
4. 부동산 계약을 한다
",법원이나 검찰 등에 내야 하는 서류를 대신해서 작성한다,34.0
변호사는 재산 문제에 관한 재판을 할 때 상담 및 변호 등과 같은 도움을 줄 수 있다.,776,변호사가 제공하는 서비스는 무엇인가?,"1. 재산 문제에 관한 재판을 할 때 상담 및 변호
2. 계약서 작성
3. 법원이나 검찰 등에 내야 하는 서류 작성
4. 부동산 계약
",재산 문제에 관한 재판을 할 때 상담 및 변호,34.0
특히 부동산과 관련된 계약을 할 때에는 공인 중개사를 통하면 비교적 안전하게 거래할 수 있다.,777,부동산과 관련된 계약을 할 때 어떻게 하면 비교적 안전하게 거래할 수 있는가?,"1. 공인 중개사를 통한다
2. 법무사를 통한다
3. 변호사를 통한다
4. 직접 거래한다
",공인 중개사를 통한다,34.0
다른 사람이 소유한 집에 전세나 월세로 사는 사람을 보호하는 법을 ‘주택임대차 보호법’이라고 한다.,778,전세나 월세로 사는 사람을 보호하는 법은 무엇인가?,"1. 주택임대차 보호법
2. 부동산 보호법
3. 전세 보호법
4. 월세 보호법
",주택임대차 보호법,34.0
임대차 계약은 보통 2년을 기간으로 한다.,779,임대차 계약의 보통 기간은 얼마인가?,"1. 2년
2. 1년
3. 3년
4. 5년
",2년,34.0
중개사를 통하면 비교적 안전하게 거래할 수 있다.,780,중개사를 통해 거래하면 어떤 이점이 있나요?,"1. 비교적 안전하게 거래할 수 있다
2. 비교적 불안전하게 거래할 수 있다
3. 비교적 빠르게 거래할 수 있다
4. 비교적 느리게 거래할 수 있다
",비교적 안전하게 거래할 수 있다,34.0
다른 사람이 소유한 집에 전세나 월세로 사는 사람을 보호하는 법을 ‘주택임대차 보호법’이라고 한다.,781,전세나 월세로 사는 사람을 보호하는 법은 무엇인가요?,"1. 주택임대차 보호법
2. 주택임대차 보호규칙
3. 주택임대차 보호조례
4. 주택임대차 보호지침
",주택임대차 보호법,34.0
임대차 계약은 보통 2년을 기간으로 한다.,782,임대차 계약의 보통 기간은 얼마인가요?,"1. 1년
2. 2년
3. 3년
4. 4년
",2년,34.0
외국인도 체류지 변경신고를 하고 확정일자를 받아두면 주택임대차 보호법에 따른 보호를 받을 수 있다.,783,외국인이 주택임대차 보호법에 따른 보호를 받으려면 어떤 절차를 밟아야 하나요?,"1. 체류지 변경신고를 하고 확정일자를 받아둔다
2. 체류지 변경신고를 하고 확정일자를 받지 않는다
3. 체류지 변경신고를 하지 않고 확정일자를 받아둔다
4. 체류지 변경신고를 하지 않고 확정일자를 받지 않는다
",체류지 변경신고를 하고 확정일자를 받아둔다,34.0
"한국에서 결혼을 하기 위해서는 만 18세 이상이 되어야 하고, 그보다 어린 경우에는 반드시 부모의 동의를 얻어야 한다.",784,한국에서 결혼을 하기 위한 최소 나이는 몇 세인가요?,"1. 16세
2. 17세
3. 18세
4. 19세
",18세,34.0
"두 사람이 정식으로 부부로 인정받기 위해서는 시청, 구청, 군청 등에 혼인신고를 해야 한다.",785,한국에서 부부로 인정받기 위해 어디에 신고해야 하나요?,"1. 시청, 구청, 군청
2. 경찰서, 소방서
3. 병원, 약국
4. 학교, 도서관
","시청, 구청, 군청",34.0
부부는 특별한 이유 없이 함께 사는 것을 거부할 수 없다.,786,부부는 특별한 이유 없이 어떤 것을 거부할 수 없나요?,"1. 함께 사는 것
2. 함께 먹는 것
3. 함께 여행하는 것
4. 함께 일하는 것
",함께 사는 것,34.0
"법적으로는 가정주부가 집안에서 하는 요리, 청소 등과 같은 가사노동도 생활비를 벌어온 것으로 인정된다.",787,법적으로 가정주부의 어떤 활동이 생활비를 벌어온 것으로 인정되나요?,"1. 요리, 청소 등의 가사노동
2. 쇼핑, 외식 등의 여가활동
3. 독서, 영화 감상 등의 문화활동
4. 운동, 걷기 등의 건강활동
","요리, 청소 등의 가사노동",34.0
부부로서의 관계를 끊고 싶을 때에는 합의나 재판에 의해 이혼을 할 수 있다.,788,부부가 관계를 끊고 싶을 때 어떤 방법을 통해 이혼할 수 있나요?,"1. 합의나 재판에 의해
2. 합의나 중재에 의해
3. 합의나 조정에 의해
4. 합의나 협상에 의해
",합의나 재판에 의해,34.0
만약 집주인이 보증금을 돌려주지 않으면 세 들어 사는 사람은 보증금을 돌려받을 때까지 집에서 나가지 않아도 된다.,789,"집주인이 보증금을 돌려주지 않을 경우, 임차인은 어떤 조치를 취할 수 있나요?","1. 보증금을 돌려받을 때까지 집에서 나가지 않아도 된다
2. 보증금을 돌려받을 때까지 집에서 나가야 한다
3. 보증금을 돌려받을 때까지 집에서 나가야 하는 경우가 있다
4. 보증금을 돌려받을 때까지 집에서 나가지 않아도 되는 경우가 있다
",보증금을 돌려받을 때까지 집에서 나가지 않아도 된다,34.0
"일반적으로 남편이나 아내가 직장, 가게 등에서 벌어들인 돈으로 생활하는데, 법적으로는 가정주부가 집안에서 하는 요리, 청소 등과 같은 가사노동도 생활비를 벌어온 것으로 인정된다.",790,법적으로 가정주부가 하는 가사노동은 어떻게 인정되는가?,"1. 생활비를 벌어온 것으로 인정된다
2. 직업으로 인정된다
3. 별도의 수입으로 인정된다
4. 봉사활동으로 인정된다
",생활비를 벌어온 것으로 인정된다,34.0
부부로서의 관계를 끊고 싶을 때에는 합의나 재판에 의해 이혼을 할 수 있다.,791,부부가 이혼을 하려면 어떤 방법을 사용할 수 있는가?,"1. 합의나 재판
2. 부모의 동의
3. 자녀의 동의
4. 가족회의
",합의나 재판,34.0
만약 양측이 모두 이혼을 원하면 가정법원의 확인을 받아서 이혼할 수 있다.,792,양측이 모두 이혼을 원할 때 어떤 절차를 거치는가?,"1. 가정법원의 확인을 받는다
2. 변호사를 통해 이혼한다
3. 직접 서류를 제출한다
4. 가족회의를 거친다
",가정법원의 확인을 받는다,34.0
이혼을 하는데 원인을 제공하고 잘못이 있는 배우자는 상대방에게 위자료를 지급해야 한다.,793,이혼 원인을 제공하고 잘못이 있는 배우자는 무엇을 해야 하는가?,"1. 상대방에게 위자료를 지급해야 한다
2. 자녀 양육비를 지급해야 한다
3. 재산을 분할해야 한다
4. 이혼 비용을 전액 부담해야 한다
",상대방에게 위자료를 지급해야 한다,34.0
이때 누가 자녀를 키울 것인가 하는 문제는 이혼한 당사자 간의 협의에 의해 결정한다.,794,이혼 후 자녀의 양육권은 어떻게 결정되는가?,"1. 이혼한 당사자 간의 협의에 의해 결정한다
2. 가정법원에서 결정한다
3. 자녀의 의사에 따라 결정한다
4. 변호사가 결정한다
",이혼한 당사자 간의 협의에 의해 결정한다,34.0
하지만 당사자 간에 협의가 잘 되지 않는 경우에는 가정법원에서 당사자들의 상황을 보고 결정하게 된다.,795,"이혼 당사자 간의 협의가 잘 이루어지지 않을 때, 자녀의 양육권은 어떻게 결정되는가?","1. 가정법원에서 결정한다
2. 자녀의 의사에 따라 결정한다
3. 변호사가 결정한다
4. 이혼한 당사자 간의 협의에 의해 결정한다
",가정법원에서 결정한다,34.0
자녀를 맡아서 키우게 된 쪽은 상대방에 대해 자녀 양육에 필요한 비용을 일정 부분 요구할 수 있다.,796,자녀를 맡아 키우게 된 쪽이 상대방에게 요구할 수 있는 것은 무엇인가?,"1. 자녀 양육에 필요한 비용
2. 이혼 비용
3. 위자료
4. 재산의 일부
",자녀 양육에 필요한 비용,34.0
자녀를 키우지 않게 된 쪽도 제한된 범위 내에서 자녀와 만나는 것이 허용된다.,797,자녀를 키우지 않게 된 쪽이 자녀와 만날 수 있는지?,"1. 제한된 범위 내에서 허용된다
2. 전혀 만날 수 없다
3. 자유롭게 만날 수 있다
4. 가정법원의 결정에 따른다
",제한된 범위 내에서 허용된다,34.0
부모가 이혼을 하더라도 부모와 자녀의 관계는 그대로 유지된다.,798,부모가 이혼을 하더라도 부모와 자녀의 관계는 어떻게 되는가?,"1. 그대로 유지된다
2. 끊어진다
3. 재판에 따라 결정된다
4. 자녀의 의사에 따라 결정된다
",그대로 유지된다,34.0
하지만 합의가 없더라도 상대방이 부정한 행위를 하는 등 배우자로서의 의무를 제대로 이행하지 않고 상대방을 고통스럽게 한 경우에는 법원의 판결을 통해 강제로 이혼 할 수도 있다.,799,합의 없이 이혼을 진행할 수 있는 경우는 어떤 경우인가?,"1. 상대방이 부정한 행위를 하거나 배우자의 의무를 이행하지 않는 경우
2. 상대방이 재산을 숨기는 경우
3. 상대방이 자녀를 학대하는 경우
4. 상대방이 외도를 하는 경우
",상대방이 부정한 행위를 하거나 배우자의 의무를 이행하지 않는 경우,34.0
소송을 통해 어떻게 권리를 보호받을 수 있을까? 외국인이 한국에서 살아가면서 다른 사람들과 분쟁을 겪는 일이 발생할 수 있다.,560,외국인이 한국에서 분쟁을 겪을 경우 어떤 방법으로 권리를 보호받을 수 있는가?,"1. A. 대화와 타협
2. B. 소송
3. C. 국가에 항의
4. D. 외국 대사관에 보고
",B. 소송,35.0
소송은 법원의 재판을 통해 분쟁을 해결하는 방식이다.,561,소송이란 무엇인가?,"1. A. 국가와의 대화를 통한 문제 해결
2. B. 법원의 재판을 통한 분쟁 해결
3. C. 변호사와의 상담을 통한 문제 해결
4. D. 개인 간의 대화를 통한 문제 해결
",B. 법원의 재판을 통한 분쟁 해결,35.0
개인들 간의 재산 문제나 가족 문제로 분쟁이 발생한 경우 분쟁의 당사자는 소송을 통해 법원의 판결을 요청할 수 있다.,562,어떤 경우에 소송을 통해 법원의 판결을 요청할 수 있는가?,"1. A. 개인 간의 재산 문제나 가족 문제
2. B. 국가와의 문제
3. C. 외국인과의 문제
4. D. 모든 경우
",A. 개인 간의 재산 문제나 가족 문제,35.0
"또한, 국가의 행위로 인해 직접적인 피해를 입거나 세금 등을 과도하게 납부하게 되었을 때에는 피해 당사자가 국가를 상대로 소송을 제기할 수 있다.",563,국가의 행위로 인해 피해를 입었을 때 어떤 조치를 취할 수 있는가?,"1. A. 국가에 항의
2. B. 국가를 상대로 소송 제기
3. C. 외국 대사관에 보고
4. D. 개인적으로 해결
",B. 국가를 상대로 소송 제기,35.0
일반적으로 소송 과정에서는 변호사와 같은 법률전문가의 도움을 받는 경우가 많다.,564,소송 과정에서 일반적으로 누구의 도움을 받는가?,"1. A. 가족
2. B. 친구
3. C. 변호사와 같은 법률전문가
4. D. 국가
",C. 변호사와 같은 법률전문가,35.0
하지만 비용 등의 문제로 변호사를 구하는데 어려움이 있다면 대한법률구조 공단과 같은 공익적인 기구 등을 통해서도 법적 도움을 받을 수 있다.,565,변호사를 구하는데 어려움이 있을 때 어디에서 도움을 받을 수 있는가?,"1. A. 국가
2. B. 외국 대사관
3. C. 대한법률구조 공단
4. D. 개인적인 연결
",C. 대한법률구조 공단,35.0
대한법률구조공단은 경제적으로 어렵거나 법을 모르기 때문에 법의 보호를 제대로 받지 못하는 사람들이 적법한 절차에 의하여 정당한 권리를 보호받을 수 있도록 하기 위한 기관이다.,566,대한법률구조공단의 주요 역할은 무엇인가?,"1. A. 법률 상담 제공
2. B. 소송 대리
3. C. 정당한 권리 보호
4. D. 모든 위의 항목
",D. 모든 위의 항목,35.0
"법률이나 소송관련 상담은 누구나 무료로 받을 수 있으며, 나아가 한국어에 서툴러 소송에 어려움을 겪고 있는 외국인이라면 민사나 형사 등의 사건소송 대리까지도 도움 받을 수 있다.",567,대한법률구조공단에서 제공하는 서비스는 무엇인가?,"1. A. 법률 상담
2. B. 소송 대리
3. C. 한국어 교육
4. D. 모든 위의 항목
",D. 모든 위의 항목,35.0
"공단의 법률 구조를 받기 위해서는 우선 공단사무실을 방문하여 상담을 받아야 하는데, 이때 자신이 가지고 있는 관련 서류를 모두 가지고 오는 것이 좋다.",568,공단의 법률 구조를 받기 위해 먼저 해야 하는 것은 무엇인가?,"1. A. 공단사무실 방문
2. B. 관련 서류 준비
3. C. 소송 제기
4. D. 변호사 상담
",A. 공단사무실 방문,35.0
따라서 가급적 재판까지 가지 않고 당사자 간의 대화와 타협으로 원만하게 문제를 해결하려고 노력하는 것이 바람직하다.,569,분쟁 해결에 있어 가장 바람직한 방법은 무엇인가?,"1. A. 재판
2. B. 변호사 상담
3. C. 당사자 간의 대화와 타협
4. D. 국가에 항의
",C. 당사자 간의 대화와 타협,35.0
"법률이나 소송관련 상담은 누구나 무료로 받을 수 있으며, 나아가 한국어에 서툴러 소송에 어려움을 겪고 있는 외국인이라면 민사나 형사 등의 사건소송 대리까지도 도움 받을 수 있다.",570,법률이나 소송관련 상담은 누구에게 제공되는 서비스인가?,"1. 한국인만
2. 외국인만
3. 누구나
4. 한국어를 유창하게 구사하는 사람만
",누구나,35.0
"공단의 법률 구조를 받기 위해서는 우선 공단사무실을 방문하여 상담을 받아야 하는데, 이때 자신이 가지고 있는 관련 서류를 모두 가지고 오는 것이 좋다.",571,공단의 법률 구조를 받기 위해 필요한 절차는 무엇인가?,"1. 공단사무실 방문 및 상담
2. 서류 제출
3. 온라인 신청
4. 전화 상담
",공단사무실 방문 및 상담,35.0
국가인권위원회는 모든 사람들이 갖는 기본적인 인권을 보호하기 위한 국가기관 이다.,572,국가인권위원회의 주요 역할은 무엇인가?,"1. 기본적인 인권 보호
2. 법률 상담 제공
3. 소비자 권리 보호
4. 외국인 지원
",기본적인 인권 보호,35.0
국민권익위원회는 부패 방지 및 국민의 권익 보호와 구제를 위한 국가기관이다.,573,국민권익위원회의 주요 역할은 무엇인가?,"1. 기본적인 인권 보호
2. 법률 상담 제공
3. 부패 방지 및 국민의 권익 보호와 구제
4. 외국인 지원
",부패 방지 및 국민의 권익 보호와 구제,35.0
"한편, 최근에는 소비자가 물건을 사거나 서비스를 이용하는 과정에서 부당한 피해를 입는 경우도 자주 발생하고 있다.",574,최근 소비자들이 부당한 피해를 입는 주요 원인은 무엇인가?,"1. 물건 구매 또는 서비스 이용 과정
2. 외국인에 대한 차별
3. 국가기관의 잘못
4. 법률 상담 부족
",물건 구매 또는 서비스 이용 과정,35.0
한국소비자원에서는 소비자를 대신해서 판매자를 상대로 소비자의 권리를 지켜주는 활동을 하고 있다.,575,한국소비자원의 주요 역할은 무엇인가?,"1. 기본적인 인권 보호
2. 법률 상담 제공
3. 소비자의 권리를 지키는 활동
4. 외국인 지원
",소비자의 권리를 지키는 활동,35.0
특별히 이민자나 외국인의 권리를 보호하고 도움을 주기 위한 전문적인 기관들도 존재 한다.,576,이민자나 외국인의 권리를 보호하고 도움을 주는 기관들이 존재하는가?,"1. 예
2. 아니오
3. 모름
4. 해당 없음
",예,35.0
각 지역에는 이민자나 외국인을 위한 지원센터 등과 같은 단체들이 많이 활동,577,이민자나 외국인을 위한 지원센터는 어디에 위치하고 있는가?,"1. 각 지역
2. 서울만
3. 부산만
4. 해외
",각 지역,35.0
국민권익위원회는 부패 방지 및 국민의 권익 보호와 구제를 위한 국가기관이다.,578,국민권익위원회는 어떤 문제를 방지하는 데 초점을 맞추고 있는가?,"1. 범죄
2. 부패
3. 차별
4. 소비자 피해
",부패,35.0
인권 침해 사실이 있다고 판단될 경우 국가인권위원회는 인권을 침해한 당사자에게 문제를 개선하도록 권고한다.,579,인권 침해 사실이 판단될 경우 국가인권위원회는 어떤 조치를 취하는가?,"1. 문제를 개선하도록 권고
2. 법적 처벌
3. 당사자를 해고
4. 사건을 무시
",문제를 개선하도록 권고,35.0
법은 지켜야 한다 우리는 횡단보도를 건널 때 신호등을 쳐다본다.,1000,우리가 횡단보도를 건널 때 쳐다보는 것은 무엇인가?,"1. 차
2. 신호등
3. 도로
4. 사람
",신호등,36.0
만약 신호등이 없거나 신호를 지키지 않는다면 어떻게 될까?,1001,신호등이 없거나 신호를 지키지 않을 경우 어떤 결과가 발생할 수 있는가?,"1. 교통사고 발생
2. 신호등 고장
3. 차량 고장
4. 도로 통행료 인상
",교통사고 발생,36.0
법은 모든 사람들이 안전하고 공정한 사회에서 생활하기 위해 만들어 놓은 약속이라고 할 수 있다.,1002,법은 모든 사람들이 어떤 사회에서 생활하기 위해 만들어 놓은 약속인가?,"1. 자유로운 사회
2. 평등한 사회
3. 안전하고 공정한 사회
4. 경제적으로 풍요로운 사회
",안전하고 공정한 사회,36.0
국민들은 법을 잘 지킴으로써 사회질서를 유지하고 안전하게 살아갈 수 있다.,1003,국민들이 법을 잘 지키면 어떤 이점이 있는가?,"1. 사회질서 유지와 안전하게 살 수 있다
2. 법적 처벌을 피할 수 있다
3. 정치적 권력을 얻을 수 있다
4. 경제적 이익을 얻을 수 있다
",사회질서 유지와 안전하게 살 수 있다,36.0
물론 한국에서 생활하는 외국인도 법을 잘 지켜야 한다.,1004,한국에서 생활하는 외국인도 어떤 행동을 해야하는가?,"1. 한국어를 배워야 한다
2. 법을 잘 지켜야 한다
3. 한국 음식을 먹어야 한다
4. 한복을 입어야 한다
",법을 잘 지켜야 한다,36.0
법을 지킴으로써 스스로의 권리와 다른 사람의 권리를 더 잘 보장할 수 있다는 것도 기억해야 한다.,1005,법을 지키면 어떤 것을 더 잘 보장할 수 있는가?,"1. 자신의 권리와 다른 사람의 권리
2. 자신의 이익
3. 자신의 안전
4. 자신의 자유
",자신의 권리와 다른 사람의 권리,36.0
"내 손안의 변호사, 무료 앱 ‘법아! 알려줘’",1006,법에 관한 정보를 제공하는 무료 앱의 이름은 무엇인가?,"1. 법아! 알려줘
2. 법률가이드
3. 법률정보
4. 법률사전
",법아! 알려줘,36.0
"법률문제에 직면할 때마다 변호사 도움을 받기도 어렵고, 그렇다고 어려운 법률서적을 찾기도 곤란한 국민들의 어려움을 해소하고, 법률분쟁을 사전에 예방할 수 있도록, 법무부에서는 생활법률 정보를",1007,법률문제에 직면할 때 어려움을 해소하고 법률분쟁을 사전에 예방하기 위해 어떤 기관에서 생활법률 정보를 제공하는가?,"1. 경찰청
2. 법무부
3. 국회
4. 대법원
",법무부,36.0
법을 정하는 것도 중요하지만 정해진 법을 잘 지키는 것 역시 중요하다.,1008,법을 정하는 것과 무엇이 중요하다고 말하는가?,"1. 법을 잘 지키는 것
2. 법을 잘 알고 있는 것
3. 법을 잘 만드는 것
4. 법을 잘 바꾸는 것
",법을 잘 지키는 것,36.0
좋은 법이 있다고 해도 사람들이 지키지 않는다면 그 법은 아무런 기능을 할 수 없기 때문 이다.,1009,사람들이 법을 지키지 않으면 법은 어떤 상태가 되는가?,"1. 아무런 기능을 할 수 없는 상태
2. 법이 바뀌는 상태
3. 법이 강화되는 상태
4. 법이 약화되는 상태
",아무런 기능을 할 수 없는 상태,36.0
로서 대한민국 국민이 또는 때로는 외국인도 청구할 수 있다.,1020,누가 한국에서 권리를 청구할 수 있는가?,"1. 대한민국 국민만
2. 외국인만
3. 대한민국 국민과 외국인 모두
4. 아무도 청구할 수 없다
",대한민국 국민과 외국인 모두,36.0
한국에서 생활하는 외국인이나 이민자도 스스로의 권리를 적극적으로 실현하기 위해 법이 만들어지는 과정과 법의 내용에 관심을 가질 필요가 있다.,1021,외국인이나 이민자가 한국에서 권리를 실현하기 위해 어떤 것에 관심을 가질 필요가 있는가?,"1. 법이 만들어지는 과정과 법의 내용
2. 한국어 학습
3. 한국의 문화와 역사
4. 한국의 경제 상황
",법이 만들어지는 과정과 법의 내용,36.0
보다 많은 사람들의 의견 제시와 참여를 통해 지속적으로 좋은 법이 만들어질 때 한국 사회는 보다 정의로운 사회가 될 수 있을 것이다.,1022,한국 사회가 보다 정의로운 사회가 되기 위해 필요한 것은 무엇인가?,"1. 경제적인 성장
2. 국제적인 인정
3. 사람들의 의견 제시와 참여
4. 정부의 강력한 지도
",사람들의 의견 제시와 참여,36.0
정의의 여신상 서울특별시 서초구 서초동에 있는 대법원에는 정의의 여신 상이 있다.,1023,정의의 여신상이 위치한 곳은 어디인가?,"1. 서울특별시 서초구 서초동 대법원
2. 서울특별시 종로구 대법원
3. 서울특별시 강남구 대법원
4. 서울특별시 중구 대법원
",서울특별시 서초구 서초동 대법원,36.0
정의의 여신상은 오늘날 한국의 법이 추구하는 모습을 상징하고 있다.,1024,정의의 여신상은 무엇을 상징하는가?,"1. 한국의 법이 추구하는 모습
2. 한국의 경제적인 성장
3. 한국의 문화적인 다양성
4. 한국의 국제적인 인정
",한국의 법이 추구하는 모습,36.0
"정의의 여신상은 한 손에는 저울을, 다른 한 손에는 법전을 들고 있으며, 두 눈을 뜨고 있다.",1025,정의의 여신상이 들고 있는 물건은 무엇인가?,"1. 저울과 법전
2. 검과 방패
3. 왕관과 지팡이
4. 피리와 북
",저울과 법전,36.0
"법전은 누구나 법에 따라 공정하게 재판한다는 것을 뜻하며, 저울은 각 사람의 권리나 잘잘못을 올바르게 판단하겠다는 뜻이다.",1026,정의의 여신상이 들고 있는 법전과 저울은 각각 무엇을 상징하는가?,"1. 법전은 공정한 재판, 저울은 올바른 판단
2. 법전은 권력, 저울은 균형
3. 법전은 지식, 저울은 지혜
4. 법전은 규칙, 저울은 선택
","법전은 공정한 재판, 저울은 올바른 판단",36.0
그리고 두 눈을 뜨고 있는 것은 사회적 약자를 적극적으로 돕겠다는 의미를 담고 있다.,1027,정의의 여신상이 두 눈을 뜨고 있는 것은 무엇을 의미하는가?,"1. 사회적 약자를 적극적으로 돕겠다는 의미
2. 법의 공정함을 감시하겠다는 의미
3. 모든 사람을 공평하게 보겠다는 의미
4. 사람들의 의견을 경청하겠다는 의미
",사회적 약자를 적극적으로 돕겠다는 의미,36.0
한국에서 생활하는 외국인이나 이민자도 스스로의 권리를 적극적으로 실현하기 위해 법이 만들어지는 과정과 법의 내용에 관심을 가질 필요가 있다.,1028,외국인이나 이민자가 스스로의 권리를 실현하기 위해 필요한 것은 무엇인가?,"1. 법이 만들어지는 과정과 법의 내용에 대한 이해
2. 한국어의 완벽한 이해
3. 한국의 역사와 문화에 대한 이해
4. 한국의 경제적 상황에 대한 이해
",법이 만들어지는 과정과 법의 내용에 대한 이해,36.0
보다 많은 사람들의 의견 제시와 참여를 통해 지속적으로 좋은 법이 만들어질 때 한국 사회는 보다 정의로운 사회가 될 수 있을 것이다.,1029,한국 사회가 보다 정의로운 사회가 되려면 어떤 것이 필요한가?,"1. 사람들의 의견 제시와 참여
2. 정부의 강력한 지도
3. 경제적인 성장
4. 국제적인 인정
",사람들의 의견 제시와 참여,36.0
